{"key_ids": [1, 3, 10, 11, 20, 21, 22, 23, 24, 25, 26, 27, 28, 29, 30, 31, 4, 3, 10, 12, 44, 45, 46, 47, 48, 4, 3, 10, 12, 40, 41, 42, 43, 4, 3, 10, 12, 44, 45, 46, 47, 48, 4, 3, 10, 12, 40, 41, 42, 43, 4, 3, 10, 12, 44, 45, 46, 47, 48, 4, 3, 10, 12, 40, 41, 42, 43, 4, 3, 10, 12, 40, 41, 42, 43, 4, 3, 10, 12, 40, 41, 42, 43, 4, 3, 10, 12, 44, 45, 46, 47, 48, 4, 3, 10, 12, 40, 41, 42, 43, 4, 3, 10, 12, 44, 45, 46, 47, 48, 4, 3, 10, 12, 40, 41, 42, 43, 4, 3, 10, 12, 44, 45, 46, 47, 48, 4, 3, 10, 12, 40, 41, 42, 43, 4, 3, 10, 12, 44, 45, 46, 47, 48, 4, 3, 10, 12, 40, 41, 42, 43, 4, 3, 10, 12, 40, 41, 42, 43, 4, 3, 10, 12, 40, 41, 42, 43, 4, 3, 10, 12, 44, 45, 46, 47, 48, 4, 3, 10, 12, 40, 41, 42, 43, 4, 3, 10, 12, 4, 3, 10, 12, 13, 15, 49, 14, 50, 14, 4, 3, 10, 11, 20, 21, 22, 23, 24, 25, 26, 27, 28, 29, 30, 31, 4, 3, 10, 12, 44, 45, 46, 4, 3, 10, 12, 4, 3, 10, 12, 13, 15, 49, 14, 4, 3, 10, 12, 46, 60, 61, 4, 3, 10, 11, 20, 21, 22, 23, 24, 25, 26, 27, 28, 29, 30, 31, 4, 3, 10, 12, 44, 45, 46, 4, 3, 10, 12, 4, 3, 10, 12, 13, 15, 49, 14, 4, 3, 10, 12, 49, 60, 61, 4, 3, 10, 11, 20, 21, 22, 23, 24, 25, 26, 27, 28, 29, 30, 31, 4, 3, 10, 12, 44, 45, 46, 4, 3, 10, 12, 4, 3, 10, 12, 13, 15, 49, 14, 4, 2], "val_ids": [0, 0, 1, 0, 0, 0, 0, 0, 0, 0, 0, 0, 0, 0, 0, 0, 0, 0, 3, 0, 0, 0, 0, 0, 0, 0, 0, 2, 0, 0, 0, 0, 0, 0, 0, 3, 0, 0, 0, 0, 0, 0, 0, 0, 2, 0, 0, 0, 0, 0, 0, 0, 3, 0, 0, 0, 0, 0, 0, 0, 0, 2, 0, 0, 0, 0, 0, 0, 0, 2, 0, 0, 0, 0, 0, 0, 0, 2, 0, 0, 0, 0, 0, 0, 0, 3, 0, 0, 0, 0, 0, 0, 0, 0, 2, 0, 0, 0, 0, 0, 0, 0, 3, 0, 0, 0, 0, 0, 0, 0, 0, 2, 0, 0, 0, 0, 0, 0, 0, 3, 0, 0, 0, 0, 0, 0, 0, 0, 2, 0, 0, 0, 0, 0, 0, 0, 3, 0, 0, 0, 0, 0, 0, 0, 0, 2, 0, 0, 0, 0, 0, 0, 0, 2, 0, 0, 0, 0, 0, 0, 0, 2, 0, 0, 0, 0, 0, 0, 0, 3, 0, 0, 0, 0, 0, 0, 0, 0, 2, 0, 0, 0, 0, 0, 0, 0, 5, 0, 0, 0, 10, 0, 0, 0, 0, 1, 0, 1, 0, 0, 1, 0, 0, 0, 0, 0, 0, 0, 0, 0, 0, 0, 0, 0, 0, 0, 4, 0, 0, 0, 0, 0, 0, 5, 0, 0, 0, 10, 0, 1, 0, 0, 1, 0, 0, 13, 0, 0, 0, 0, 0, 0, 1, 0, 0, 0, 0, 0, 0, 0, 0, 0, 0, 0, 0, 0, 0, 0, 4, 0, 0, 0, 0, 0, 0, 5, 0, 0, 0, 10, 0, 1, 0, 0, 1, 0, 0, 12, 0, 0, 0, 0, 0, 0, 1, 0, 0, 0, 0, 0, 0, 0, 0, 0, 0, 0, 0, 0, 0, 0, 4, 0, 0, 0, 0, 0, 0, 5, 0, 0, 0, 10, 0, 1, 0, 0, 1, 0, 0], "val_floats": [0.0, 0.0, 0.0, 1.0, 0.0, 0.0, 0.0, 1.0, 0.0, 0.0, 0.0, 1.0, 0.0, 0.0, 0.0, 1.0, 0.0, 0.0, 0.0, 1.0, 0.15, 1.4, 0.3, 1.378619, 1.762974, 0.0, 0.0, 0.0, 1.0, -0.15, 1.4, -0.15, -1.4, 0.0, 0.0, 0.0, 1.0, 0.15, -1.4, 0.3, 3.141593, 1.762974, 0.0, 0.0, 0.0, 1.0, 0.207299, -1.694477, 1.137299, -1.513519, 0.0, 0.0, 0.0, 1.0, 1.08, -1.219042, 0.3, 4.904566, 1.378619, 0.0, 0.0, 0.0, 1.0, 1.38, -1.219042, 1.38, -0.825, 0.0, 0.0, 0.0, 1.0, 1.38, -0.825, 1.23, -0.825, 0.0, 0.0, 0.0, 1.0, 1.23, -0.825, 1.23, -1.219042, 0.0, 0.0, 0.0, 1.0, 1.08, -1.219042, 0.15, 0.0, -1.378619, 0.0, 0.0, 0.0, 1.0, 1.10865, -1.36628, 0.17865, -1.547239, 0.0, 0.0, 0.0, 1.0, 0.15, -1.4, 0.15, 4.904566, -1.762974, 0.0, 0.0, 0.0, 1.0, 0.0, -1.4, 0.0, 1.4, 0.0, 0.0, 0.0, 1.0, 0.15, 1.4, 0.15, 3.141593, -1.762974, 0.0, 0.0, 0.0, 1.0, 0.17865, 1.547239, 1.10865, 1.36628, 0.0, 0.0, 0.0, 1.0, 1.08, 1.219042, 0.15, 1.378619, -1.378619, 0.0, 0.0, 0.0, 1.0, 1.23, 1.219042, 1.23, 0.825, 0.0, 0.0, 0.0, 1.0, 1.23, 0.825, 1.38, 0.825, 0.0, 0.0, 0.0, 1.0, 1.38, 0.825, 1.38, 1.219042, 0.0, 0.0, 0.0, 1.0, 1.08, 1.219042, 0.3, 0.0, 1.378619, 0.0, 0.0, 0.0, 1.0, 1.137299, 1.513519, 0.207299, 1.694477, 0.0, 0.0, 0.0, 1.0, 0.0, 0.0, 0.0, 1.0, 0.0, 0.0, 20.0, 0.0, 10.0, 0.0, 0.0, 0.0, 0.0, 24.0, -10.0, -0.15, -1.4, 0.0, -1.0, 0.0, 1.0, 0.0, 0.0, -0.0, 0.0, 1.0, 0.0, 0.0, 0.0, 24.0, 2.655999, 1.082866, 1.972616, 0.0, 0.0, 0.0, 24.0, 0.0, 0.0, 0.0, 24.0, 0.0, 0.0, 3.8, 0.0, 0.0, 0.0, 0.0, 27.0, 0.2, 1.0, 49.0, 0.0, 0.0, 0.0, 29.0, 20.0, -0.15, -1.4, 0.0, -1.0, 0.0, 1.0, 0.0, -0.0, 0.0, 0.0, 1.0, 0.0, 0.0, 0.0, 29.0, -2.720126, 1.4, 1.249176, 0.0, 0.0, 0.0, 29.0, 0.0, 0.0, 0.0, 29.0, 0.0, 0.0, 1.0, 0.0, 0.0, 0.0, 0.0, 32.0, 0.2, 1.0, 49.0, 0.0, 0.0, 0.0, 34.0, -10.0, 0.0, 0.0, -1.0, 0.0, 0.0, 0.0, -0.0, 1.0, 0.0, 1.0, 0.0, 0.0, 0.0, 0.0, 34.0, 1.194365, 0.512296, 0.566379, 0.0, 0.0, 0.0, 34.0, 0.0, 0.0, 0.0, 34.0, 0.0, 0.0, 1.0, 0.0, 0.0, 0.0], "is_numeric": [0, 0, 0, 1, 1, 1, 1, 1, 1, 1, 1, 1, 1, 1, 1, 1, 0, 0, 0, 1, 1, 1, 1, 1, 1, 0, 0, 0, 1, 1, 1, 1, 1, 0, 0, 0, 1, 1, 1, 1, 1, 1, 0, 0, 0, 1, 1, 1, 1, 1, 0, 0, 0, 1, 1, 1, 1, 1, 1, 0, 0, 0, 1, 1, 1, 1, 1, 0, 0, 0, 1, 1, 1, 1, 1, 0, 0, 0, 1, 1, 1, 1, 1, 0, 0, 0, 1, 1, 1, 1, 1, 1, 0, 0, 0, 1, 1, 1, 1, 1, 0, 0, 0, 1, 1, 1, 1, 1, 1, 0, 0, 0, 1, 1, 1, 1, 1, 0, 0, 0, 1, 1, 1, 1, 1, 1, 0, 0, 0, 1, 1, 1, 1, 1, 0, 0, 0, 1, 1, 1, 1, 1, 1, 0, 0, 0, 1, 1, 1, 1, 1, 0, 0, 0, 1, 1, 1, 1, 1, 0, 0, 0, 1, 1, 1, 1, 1, 0, 0, 0, 1, 1, 1, 1, 1, 1, 0, 0, 0, 1, 1, 1, 1, 1, 0, 0, 0, 1, 0, 0, 0, 1, 0, 0, 1, 0, 1, 0, 0, 0, 0, 1, 1, 1, 1, 1, 1, 1, 1, 1, 1, 1, 1, 1, 0, 0, 0, 1, 1, 1, 1, 0, 0, 0, 1, 0, 0, 0, 1, 0, 0, 1, 0, 0, 0, 0, 1, 1, 1, 1, 0, 0, 0, 1, 1, 1, 1, 1, 1, 1, 1, 1, 1, 1, 1, 1, 0, 0, 0, 1, 1, 1, 1, 0, 0, 0, 1, 0, 0, 0, 1, 0, 0, 1, 0, 0, 0, 0, 1, 1, 1, 1, 0, 0, 0, 1, 1, 1, 1, 1, 1, 1, 1, 1, 1, 1, 1, 1, 0, 0, 0, 1, 1, 1, 1, 0, 0, 0, 1, 0, 0, 0, 1, 0, 0, 1, 0, 0, 0], "vocab": {"KEY": {"BOS": 1, "EOS": 2, "INS_B": 3, "INS_E": 4, "TYPE": 10, "IDX": 11, "PARENT": 12, "OP": 13, "DIR": 14, "EXT": 15, "OX": 20, "OY": 21, "OZ": 22, "NX": 23, "NY": 24, "NZ": 25, "XX": 26, "XY": 27, "XZ": 28, "YX": 29, "YY": 30, "YZ": 31, "SPX": 40, "SPY": 41, "EPX": 42, "EPY": 43, "CX": 44, "CY": 45, "R": 46, "SA": 47, "SW": 48, "DIST": 49, "DIST2": 50, "SBR": 60, "ER": 61, "FBR": 62, "FR": 63}, "TYPE_ID": {"SketchStart": 1, "Line": 2, "Arc": 3, "Circle": 4, "SketchEnd": 5, "Extrude": 10, "Revolve": 11, "Chamfer": 12, "Fillet": 13}, "OP_ID": {"kNewBodyOperation": 0, "kJoinOperation": 1, "kCutOperation": 2, "kIntersectOperation": 3}, "DIR_ID": {"kPositiveExtentDirection": 1, "kNegativeExtentDirection": -1, "kSymmetricExtentDirection": 0}, "EXTENT_ID": {"kDistanceExtent": 0}}}